{
  "n_states": 22,
  "time_start": 0.0,
  "time_end": 8.000212983461097e-05,
  "n_nodes": 1126,
  "n_elements": 769,
  "ke_initial": 132318.046875,
  "ke_max": 132318.046875,
  "ke_final": 84.16988372802734,
  "ie_max": 121575.921875,
  "ie_final": 121514.546875,
  "max_disp_mm": 13.820368569644552,
  "stress_vm_max_MPa": 269.38980284302403,
  "stress_vm_mean_MPa": 120.60094549640556
}