{
  "n_states": 49,
  "time_start": 0.0,
  "time_end": 0.33170226216316223,
  "n_nodes": 3437,
  "n_elements": 3320,
  "ke_max": 34.332862854003906,
  "ie_max": 228.8225860595703,
  "ie_final": 228.8225860595703,
  "max_compression": -1.5472392589950598e+289,
  "max_disp": 1.5278599262237549,
  "stress_vm_max": 475816.31142567884
}