{
  "n_states": 22,
  "time_start": 0.0,
  "time_end": 20.000761032104492,
  "n_nodes": 2049,
  "n_elements": 1704,
  "ke_max": 87041.7265625,
  "ke_final": 87041.7265625,
  "ie_max": 1.999999936531045e-20,
  "ie_final": 1.999999936531045e-20,
  "max_disp_mm": 1781.165667985273
}