{
  "n_states": 13,
  "time_start": 0.0,
  "time_end": 11.010562896728516,
  "n_nodes": 784,
  "n_elements": 776,
  "ke_max": 1.7346060276031494,
  "ke_min": 1.716271162033081,
  "ie_max": 0.019232984632253647,
  "ie_final": 0.01921708509325981,
  "tracked_node": 307,
  "y_excursion_mm": 0.08335113525390625,
  "max_disp_mm": 151.02345537815964
}